{
    "N": {
        "data": 200,
        "type": "Int64"
    },
    "t": {
        "data": [
            0.0,
            0.5025125628140703,
            1.0050251256281406,
            1.5075376884422111,
            2.0100502512562812,
            2.512562814070352,
            3.0150753768844223,
            3.5175879396984926,
            4.0201005025125625,
            4.522613065326633,
            5.025125628140704,
            5.527638190954774,
            6.030150753768845,
            6.532663316582915,
            7.035175879396985,
            7.5376884422110555,
            8.040201005025125,
            8.542713567839195,
            9.045226130653266,
            9.547738693467336,
            10.050251256281408,
            10.552763819095478,
            11.055276381909549,
            11.557788944723619,
            12.06030150753769,
            12.56281407035176,
            13.06532663316583,
            13.5678391959799,
            14.07035175879397,
            14.57286432160804,
            15.075376884422111,
            15.577889447236181,
            16.08040201005025,
            16.582914572864322,
            17.08542713567839,
            17.587939698492463,
            18.09045226130653,
            18.592964824120603,
            19.09547738693467,
            19.597989949748744,
            20.100502512562816,
            20.603015075376884,
            21.105527638190956,
            21.608040201005025,
            22.110552763819097,
            22.613065326633166,
            23.115577889447238,
            23.618090452261306,
            24.12060301507538,
            24.623115577889447,
            25.12562814070352,
            25.628140703517587,
            26.13065326633166,
            26.633165829145728,
            27.1356783919598,
            27.63819095477387,
            28.14070351758794,
            28.64321608040201,
            29.14572864321608,
            29.64824120603015,
            30.150753768844222,
            30.65326633165829,
            31.155778894472363,
            31.65829145728643,
            32.1608040201005,
            32.663316582914575,
            33.165829145728644,
            33.66834170854271,
            34.17085427135678,
            34.67336683417086,
            35.175879396984925,
            35.678391959798994,
            36.18090452261306,
            36.68341708542714,
            37.185929648241206,
            37.688442211055275,
            38.19095477386934,
            38.69346733668342,
            39.19597989949749,
            39.698492462311556,
            40.20100502512563,
            40.7035175879397,
            41.20603015075377,
            41.70854271356784,
            42.21105527638191,
            42.71356783919598,
            43.21608040201005,
            43.71859296482412,
            44.221105527638194,
            44.72361809045226,
            45.22613065326633,
            45.7286432160804,
            46.231155778894475,
            46.733668341708544,
            47.23618090452261,
            47.73869346733668,
            48.24120603015076,
            48.743718592964825,
            49.246231155778894,
            49.74874371859296,
            50.25125628140704,
            50.753768844221106,
            51.256281407035175,
            51.75879396984924,
            52.26130653266332,
            52.76381909547739,
            53.266331658291456,
            53.768844221105525,
            54.2713567839196,
            54.77386934673367,
            55.27638190954774,
            55.778894472361806,
            56.28140703517588,
            56.78391959798995,
            57.28643216080402,
            57.78894472361809,
            58.29145728643216,
            58.79396984924623,
            59.2964824120603,
            59.79899497487437,
            60.301507537688444,
            60.80402010050251,
            61.30653266331658,
            61.80904522613066,
            62.311557788944725,
            62.814070351758794,
            63.31658291457286,
            63.81909547738694,
            64.321608040201,
            64.82412060301507,
            65.32663316582915,
            65.82914572864321,
            66.33165829145729,
            66.83417085427136,
            67.33668341708542,
            67.8391959798995,
            68.34170854271356,
            68.84422110552764,
            69.34673366834171,
            69.84924623115577,
            70.35175879396985,
            70.85427135678393,
            71.35678391959799,
            71.85929648241206,
            72.36180904522612,
            72.8643216080402,
            73.36683417085428,
            73.86934673366834,
            74.37185929648241,
            74.87437185929649,
            75.37688442211055,
            75.87939698492463,
            76.38190954773869,
            76.88442211055276,
            77.38693467336684,
            77.8894472361809,
            78.39195979899498,
            78.89447236180905,
            79.39698492462311,
            79.89949748743719,
            80.40201005025126,
            80.90452261306532,
            81.4070351758794,
            81.90954773869346,
            82.41206030150754,
            82.91457286432161,
            83.41708542713567,
            83.91959798994975,
            84.42211055276383,
            84.92462311557789,
            85.42713567839196,
            85.92964824120602,
            86.4321608040201,
            86.93467336683418,
            87.43718592964824,
            87.93969849246231,
            88.44221105527639,
            88.94472361809045,
            89.44723618090453,
            89.94974874371859,
            90.45226130653266,
            90.95477386934674,
            91.4572864321608,
            91.95979899497488,
            92.46231155778895,
            92.96482412060301,
            93.46733668341709,
            93.96984924623115,
            94.47236180904522,
            94.9748743718593,
            95.47738693467336,
            95.97989949748744,
            96.48241206030151,
            96.98492462311557,
            97.48743718592965,
            97.98994974874371,
            98.49246231155779,
            98.99497487437186,
            99.49748743718592,
            100.0
        ],
        "type": "Float64"
    },