{
    "y": {
        "data": [
            1,
            1,
            1,
            0,
            1,
            0,
            1,
            0,
            0,
            1,
            1,
            0,
            1,
            1,
            0,
            0,
            0,
            0,
            0,
            0,
            0,
            1,
            0,
            0,
            1,
            1,
            1,
            1,
            1,
            1,
            1,
            0,
            0,
            0,
            0,
            1,
            0,
            0,
            1,
            0,
            0,
            1,
            0,
            0,
            1,
            1,
            1,
            1,
            1,
            1,
            1,
            1,
            0,
            0,
            0,
            1,
            0,
            0,
            0,
            0,
            0,
            1,
            0,
            1,
            1,
            0,
            0,
            1,
            0,
            1,
            0,
            1,
            1,
            1,
            1,
            0,
            0,
            0,
            1,
            0,
            0,
            0,
            1,
            1,
            0,
            1,
            0,
            1,
            0,
            0,
            1,
            0,
            1,
            1,
            1,
            0,
            1,
            1,
            1,
            0
        ],
        "type": "Int64"
    },
    "X": {
        "data": [
            [
                3.0901904907679985,
                0.09516615739379164
            ],
            [
                -0.1811685796624758,
                3.544933814170129
            ],
            [
                5.538306118805464,
                0.6371334380265457
            ],
            [
                2.1431266354970147,
                -1.2410149678823956
            ],
            [
                2.4502230872939132,
                3.7395714602500423
            ],
            [
                -0.16384940711988757,
                -0.48909111860536814
            ],
            [
                -1.5708891485023582,
                3.804958685295521
            ],
            [
                -0.18004993482112167,
                0.329546152603472
            ],
            [
                1.6186397701687112,
                0.8263401473216588
            ],
            [
                1.0801596858043707,
                0.43530834628822146
            ],
            [
                3.7179109404081503,
                3.998438524671265
            ],
            [
                -2.457579432650906,
                -1.2883549754215138
            ],
            [
                -0.377837473598611,
                -0.4016551352220681
            ],
            [
                -2.833346199857745,
                0.9188423730559061
            ],
            [
                -0.9577006277001138,
                1.1759956587032292
            ],
            [
                -0.9917825412214636,
                -0.072305658741057
            ],
            [
                -0.49447241365403494,
                0.11155595975715858
            ],
            [
                1.3502655909002803,
                -0.001984532509952742
            ],
            [
                -0.1821769562324969,
                0.7738557463136961
            ],
            [
                -0.7076851246073177,
                -1.684666114416321
            ],
            [
                -0.235716799271318,
                1.4090574282811157
            ],
            [
                2.4757939434554106,
                3.9916629727402904
            ],
            [
                0.27416110477438854,
                1.4251917981906748
            ],
            [
                -0.9746056009424207,
                -0.6199285130571995
            ],
            [
                1.0296054604067177,
                4.229088867920709
            ],
            [
                0.1698484763525847,
                -1.1176446771407904
            ],
            [
                1.3776118297244975,
                1.5835128912363357
            ],
            [
                4.167728059468903,
                2.529365659420288
            ],
            [
                3.0109089462828424,
                1.5119206328414057
            ],
            [
                0.2743842540877963,
                5.65492444448851
            ],
            [
                3.762855817879846,
                4.189550583647345
            ],
            [
                1.5831895941316279,
                -0.048705574951284726
            ],
            [
                -0.40467727206056,
                0.690733382352338
            ],
            [
                -0.8275165471856287,
                0.3520851025268323
            ],
            [
                -0.057991926562324214,
                0.9300355303973441
            ],
            [
                1.3052745300206947,
                4.724835919384453
            ],
            [
                -0.65011906747546,
                -0.8009383627705053
            ],
            [
                -0.8748911203828581,
                0.29562086779425634
            ],
            [
                -2.190024932176292,
                3.528029111806431
            ],
            [
                -0.019418666398841364,
                0.8924935472902935
            ],
            [
                0.10159913405539717,
                0.32417316612178376
            ],
            [
                1.1083772276845731,
                0.6850022348496436
            ],
            [
                1.7230296619580432,
                -0.4244975893809478
            ],
            [
                -1.403108872502185,
                0.9601743086504149
            ],
            [
                2.7964637319541414,
                4.039581378945023
            ],
            [
                -0.649180001637379,
                3.663606300418937
            ],
            [
                4.843876809781057,
                2.586281609943769
            ],
            [
                1.5650585050820829,
                3.3552565370079757
            ],
            [
                3.13004958699277,
                3.306750438913318
            ],
            [
                2.8475562330767645,
                0.344042749836285
            ],
            [
                1.331234506485623,
                0.07440078730978406
            ],
            [
                -0.2677818714890292,
                5.236529656489971
            ],
            [
                0.12238888652568966,
                0.9854184753031808
            ],
            [
                1.0470739784423455,
                0.03393606903035004
            ],
            [
                -0.7738838655640939,
                0.033535329067556435
            ],
            [
                3.1740891733859256,
                -0.6111969035019098
            ],
            [
                -1.6215140310761433,
                -0.41113122009916275
            ],
            [
                -0.30941615165085823,
                0.34806704856319043
            ],
            [
                -0.7846203204225347,
                -0.5491902073236438
            ],
            [
                2.085336280916509,
                1.1628858045784727
            ],
            [
                -0.2017042832083607,
                0.12623006624625657
            ],
            [
                1.1729217726660819,
                2.0341430623793544
            ],
            [
                -1.6625233608616765,
                -0.7965088549996366
            ],
            [
                -0.7330853162834949,
